,Classifier,Accuracy,Precision,Recall,F1 Score,ROC AUC
0,Logistic Regression,0.7857142857142857,0.6903225806451613,1.0,0.8167938931297709,0.9943197450985612
1,Random Forest,0.5714285714285714,0.5313092979127134,0.8722741433021807,0.6603773584905659,0.6608932200832512
2,XGBoost,0.5625,0.531322505800464,0.7133956386292835,0.6090425531914894,0.6458893592849979
3,LightGBM,0.5699404761904762,0.5277777777777778,0.9470404984423676,0.6778149386845039,0.6750406049471469
4,Decision Tree,0.5580357142857143,0.5279069767441861,0.7071651090342679,0.6045272969374168,0.5644087653433447
5,Support Vector Machine,0.4955357142857143,0.4863636363636364,1.0,0.654434250764526,0.7876339075716022
6,K-Nearest Neighbors,0.5297619047619048,0.5052854122621564,0.7445482866043613,0.6020151133501259,0.5378225097851266
